Game Name,Game URL,Vote_precentage
Brookhaven RP,https://www.roblox.com/games/4924922222/Brookhaven-RP?gameSetTargetId&gameSetTypeId=1&isAd=false&nativeAdData=&numberOfLoadedTiles=238&page=sortDetailPageDiscover&placeId=4924922222&position=0&universeId=1686885941,87%
DOORS ,https://www.roblox.com/games/6516141723/DOORS?gameSetTargetId&gameSetTypeId=1&isAd=false&nativeAdData=&numberOfLoadedTiles=238&page=sortDetailPageDiscover&placeId=6516141723&position=1&universeId=2440500124,94%
Adopt Me,https://www.roblox.com/games/920587237/Adopt-Me?gameSetTargetId&gameSetTypeId=1&isAd=false&nativeAdData=&numberOfLoadedTiles=238&page=sortDetailPageDiscover&placeId=920587237&position=2&universeId=383310974,83%
Murder Mystery 2,https://www.roblox.com/games/142823291/Murder-Mystery-2?gameSetTargetId&gameSetTypeId=1&isAd=false&nativeAdData=&numberOfLoadedTiles=238&page=sortDetailPageDiscover&placeId=142823291&position=3&universeId=66654135,91%
Blox Fruits,https://www.roblox.com/games/2753915549/Blox-Fruits?gameSetTargetId&gameSetTypeId=1&isAd=false&nativeAdData=&numberOfLoadedTiles=238&page=sortDetailPageDiscover&placeId=2753915549&position=4&universeId=994732206,94%
Tower of Hell,https://www.roblox.com/games/1962086868/Tower-of-Hell?gameSetTargetId&gameSetTypeId=1&isAd=false&nativeAdData=&numberOfLoadedTiles=238&page=sortDetailPageDiscover&placeId=1962086868&position=5&universeId=703124385,75%
JELLY Pet Simulator X ,https://www.roblox.com/games/6284583030/JELLY-Pet-Simulator-X?gameSetTargetId&gameSetTypeId=1&isAd=false&nativeAdData=&numberOfLoadedTiles=238&page=sortDetailPageDiscover&placeId=6284583030&position=6&universeId=2316994223,92%
Catalog Avatar Creator,https://www.roblox.com/games/7041939546/Catalog-Avatar-Creator?gameSetTargetId&gameSetTypeId=1&isAd=false&nativeAdData=&numberOfLoadedTiles=238&page=sortDetailPageDiscover&placeId=7041939546&position=7&universeId=2711375305,87%
Rainbow Friends,https://www.roblox.com/games/7991339063/Rainbow-Friends?gameSetTargetId&gameSetTypeId=1&isAd=false&nativeAdData=&numberOfLoadedTiles=238&page=sortDetailPageDiscover&placeId=7991339063&position=8&universeId=3085257211,78%
Berry Avenue  RP,https://www.roblox.com/games/8481844229/Berry-Avenue-RP?gameSetTargetId&gameSetTypeId=1&isAd=false&nativeAdData=&numberOfLoadedTiles=238&page=sortDetailPageDiscover&placeId=8481844229&position=9&universeId=3240075297,86%
Piggy,https://www.roblox.com/games/4623386862/Piggy?gameSetTargetId&gameSetTypeId=1&isAd=false&nativeAdData=&numberOfLoadedTiles=238&page=sortDetailPageDiscover&placeId=4623386862&position=10&universeId=1516533665,90%
Gacha Online ,https://www.roblox.com/games/5289509545/Gacha-Online?gameSetTargetId&gameSetTypeId=1&isAd=false&nativeAdData=&numberOfLoadedTiles=238&page=sortDetailPageDiscover&placeId=5289509545&position=11&universeId=1852226622,74%
BedWars  ZIPLINES  WIZARD,https://www.roblox.com/games/6872265039/BedWars-ZIPLINES-WIZARD?gameSetTargetId&gameSetTypeId=1&isAd=false&nativeAdData=&numberOfLoadedTiles=238&page=sortDetailPageDiscover&placeId=6872265039&position=12&universeId=2619619496,83%
Evade,https://www.roblox.com/games/9872472334/Evade?gameSetTargetId&gameSetTypeId=1&isAd=false&nativeAdData=&numberOfLoadedTiles=238&page=sortDetailPageDiscover&placeId=9872472334&position=13&universeId=3647333358,94%
Public Bathroom Simulator,https://www.roblox.com/games/7055501563/Public-Bathroom-Simulator?gameSetTargetId&gameSetTypeId=1&isAd=false&nativeAdData=&numberOfLoadedTiles=238&page=sortDetailPageDiscover&placeId=7055501563&position=14&universeId=2718774326,55%
Livetopia New house,https://www.roblox.com/games/6737970321/Livetopia-New-house?gameSetTargetId&gameSetTypeId=1&isAd=false&nativeAdData=&numberOfLoadedTiles=238&page=sortDetailPageDiscover&placeId=6737970321&position=15&universeId=2549475383,91%
PLS DONATE ,https://www.roblox.com/games/8737602449/PLS-DONATE?gameSetTargetId&gameSetTypeId=1&isAd=false&nativeAdData=&numberOfLoadedTiles=238&page=sortDetailPageDiscover&placeId=8737602449&position=16&universeId=3317679266,93%
BARRYS PRISON RUN FIRST PERSON OBBY,https://www.roblox.com/games/8712817601/BARRYS-PRISON-RUN-FIRST-PERSON-OBBY?gameSetTargetId&gameSetTypeId=1&isAd=false&nativeAdData=&numberOfLoadedTiles=238&page=sortDetailPageDiscover&placeId=8712817601&position=17&universeId=3310460039,59%
Ultimate Easy Obby,https://www.roblox.com/games/10760024537/Ultimate-Easy-Obby?gameSetTargetId&gameSetTypeId=1&isAd=false&nativeAdData=&numberOfLoadedTiles=238&page=sortDetailPageDiscover&placeId=10760024537&position=18&universeId=3891658292,81%
Color Block,https://www.roblox.com/games/5926001758/Color-Block?gameSetTargetId&gameSetTypeId=1&isAd=false&nativeAdData=&numberOfLoadedTiles=238&page=sortDetailPageDiscover&placeId=5926001758&position=19&universeId=2126386806,85%
Maple Hospital MANSION,https://www.roblox.com/games/8704997000/Maple-Hospital-MANSION?gameSetTargetId&gameSetTypeId=1&isAd=false&nativeAdData=&numberOfLoadedTiles=238&page=sortDetailPageDiscover&placeId=8704997000&position=20&universeId=3308103880,85%
 MeepCity ,https://www.roblox.com/games/370731277/MeepCity?gameSetTargetId&gameSetTypeId=1&isAd=false&nativeAdData=&numberOfLoadedTiles=238&page=sortDetailPageDiscover&placeId=370731277&position=21&universeId=140239261,85%
Teamwork Puzzles,https://www.roblox.com/games/6075270490/Teamwork-Puzzles?gameSetTargetId&gameSetTypeId=1&isAd=false&nativeAdData=&numberOfLoadedTiles=238&page=sortDetailPageDiscover&placeId=6075270490&position=22&universeId=2204432936,82%
Cotton Obby,https://www.roblox.com/games/7378813434/Cotton-Obby?gameSetTargetId&gameSetTypeId=1&isAd=false&nativeAdData=&numberOfLoadedTiles=238&page=sortDetailPageDiscover&placeId=7378813434&position=23&universeId=2876622588,81%
UPD 3 Escape Ice Spice Obby,https://www.roblox.com/games/12614815818/UPD-3-Escape-Ice-Spice-Obby?gameSetTargetId&gameSetTypeId=1&isAd=false&nativeAdData=&numberOfLoadedTiles=238&page=sortDetailPageDiscover&placeId=12614815818&position=24&universeId=4427081853,48%
Last Words,https://www.roblox.com/games/10238264463/Last-Words?gameSetTargetId&gameSetTypeId=1&isAd=false&nativeAdData=&numberOfLoadedTiles=238&page=sortDetailPageDiscover&placeId=10238264463&position=25&universeId=3750110232,70%
Red Light Green Light,https://www.roblox.com/games/7540891731/Red-Light-Green-Light?gameSetTargetId&gameSetTypeId=1&isAd=false&nativeAdData=&numberOfLoadedTiles=238&page=sortDetailPageDiscover&placeId=7540891731&position=26&universeId=2931829660,80%
Escape Easy Admin Obby,https://www.roblox.com/games/6494527314/Escape-Easy-Admin-Obby?gameSetTargetId&gameSetTypeId=1&isAd=false&nativeAdData=&numberOfLoadedTiles=238&page=sortDetailPageDiscover&placeId=6494527314&position=27&universeId=2429244677,72%
RoyaleHigh,https://www.roblox.com/games/735030788/Royale-High?gameSetTargetId&gameSetTypeId=1&isAd=false&nativeAdData=&numberOfLoadedTiles=238&page=sortDetailPageDiscover&placeId=735030788&position=28&universeId=321778215,88%
Hide and Seek Extreme,https://www.roblox.com/games/205224386/Hide-and-Seek-Extreme?gameSetTargetId&gameSetTypeId=1&isAd=false&nativeAdData=&numberOfLoadedTiles=238&page=sortDetailPageDiscover&placeId=205224386&position=29&universeId=93740418,91%
The Floor Is LAVA,https://www.roblox.com/games/815405518/The-Floor-Is-LAVA?gameSetTargetId&gameSetTypeId=1&isAd=false&nativeAdData=&numberOfLoadedTiles=238&page=sortDetailPageDiscover&placeId=815405518&position=30&universeId=341654025,71%
Speed Draw,https://www.roblox.com/games/7074772062/Speed-Draw?gameSetTargetId&gameSetTypeId=1&isAd=false&nativeAdData=&numberOfLoadedTiles=238&page=sortDetailPageDiscover&placeId=7074772062&position=31&universeId=2729513759,87%
Cheese Escape Horror,https://www.roblox.com/games/5777099015/Cheese-Escape-Horror?gameSetTargetId&gameSetTypeId=1&isAd=false&nativeAdData=&numberOfLoadedTiles=238&page=sortDetailPageDiscover&placeId=5777099015&position=32&universeId=2049551477,87%
Twilight Daycare Hugs,https://www.roblox.com/games/6507422231/Twilight-Daycare-Hugs?gameSetTargetId&gameSetTypeId=1&isAd=false&nativeAdData=&numberOfLoadedTiles=238&page=sortDetailPageDiscover&placeId=6507422231&position=33&universeId=2435789930,89%
Cart  Car Ride into GigaNoob,https://www.roblox.com/games/5275822877/Cart-Car-Ride-into-GigaNoob?gameSetTargetId&gameSetTypeId=1&isAd=false&nativeAdData=&numberOfLoadedTiles=238&page=sortDetailPageDiscover&placeId=5275822877&position=34&universeId=1847733324,62%
Break In Story,https://www.roblox.com/games/3851622790/Break-In-Story?gameSetTargetId&gameSetTypeId=1&isAd=false&nativeAdData=&numberOfLoadedTiles=238&page=sortDetailPageDiscover&placeId=3851622790&position=35&universeId=1318971886,90%
Natural Disaster Survival,https://www.roblox.com/games/189707/Natural-Disaster-Survival?gameSetTargetId&gameSetTypeId=1&isAd=false&nativeAdData=&numberOfLoadedTiles=238&page=sortDetailPageDiscover&placeId=189707&position=36&universeId=65241,90%
FREE ADMIN,https://www.roblox.com/games/4522347649/FREE-ADMIN?gameSetTargetId&gameSetTypeId=1&isAd=false&nativeAdData=&numberOfLoadedTiles=238&page=sortDetailPageDiscover&placeId=4522347649&position=37&universeId=1452258989,76%
Spider,https://www.roblox.com/games/5118969548/Spider?gameSetTargetId&gameSetTypeId=1&isAd=false&nativeAdData=&numberOfLoadedTiles=238&page=sortDetailPageDiscover&placeId=5118969548&position=38&universeId=1776914212,70%
EASTER Crewmates  Among Us,https://www.roblox.com/games/5939428933/EASTER-Crewmates-Among-Us?gameSetTargetId&gameSetTypeId=1&isAd=false&nativeAdData=&numberOfLoadedTiles=238&page=sortDetailPageDiscover&placeId=5939428933&position=39&universeId=2133588542,87%
Just a Rope Bridge,https://www.roblox.com/games/6560282512/Just-a-Rope-Bridge?gameSetTargetId&gameSetTypeId=1&isAd=false&nativeAdData=&numberOfLoadedTiles=238&page=sortDetailPageDiscover&placeId=6560282512&position=40&universeId=2464573238,55%
Escape Running Head,https://www.roblox.com/games/6205205961/Escape-Running-Head?gameSetTargetId&gameSetTypeId=1&isAd=false&nativeAdData=&numberOfLoadedTiles=238&page=sortDetailPageDiscover&placeId=6205205961&position=41&universeId=2274830359,78%
UPDATE Slap Battles,https://www.roblox.com/games/6403373529/UPDATE-Slap-Battles?gameSetTargetId&gameSetTypeId=1&isAd=false&nativeAdData=&numberOfLoadedTiles=238&page=sortDetailPageDiscover&placeId=6403373529&position=42&universeId=2380077519,83%
UPD Easy Stud Jumps Obby,https://www.roblox.com/games/11166344460/UPD-Easy-Stud-Jumps-Obby?gameSetTargetId&gameSetTypeId=1&isAd=false&nativeAdData=&numberOfLoadedTiles=238&page=sortDetailPageDiscover&placeId=11166344460&position=43&universeId=3992278194,91%
 Garten of Banban,https://www.roblox.com/games/12398038681/Garten-of-Banban?gameSetTargetId&gameSetTypeId=1&isAd=false&nativeAdData=&numberOfLoadedTiles=238&page=sortDetailPageDiscover&placeId=12398038681&position=44&universeId=4362771421,90%
Color Hide and Seek,https://www.roblox.com/games/12781347095/Color-Hide-and-Seek?gameSetTargetId&gameSetTypeId=1&isAd=false&nativeAdData=&numberOfLoadedTiles=238&page=sortDetailPageDiscover&placeId=12781347095&position=45&universeId=4476373373,79%
Public Bathroom Simulator,https://www.roblox.com/games/1758401491/Public-Bathroom-Simulator?gameSetTargetId&gameSetTypeId=1&isAd=false&nativeAdData=&numberOfLoadedTiles=238&page=sortDetailPageDiscover&placeId=1758401491&position=46&universeId=654747275,82%
3008 272,https://www.roblox.com/games/2768379856/3008-2-72?gameSetTargetId&gameSetTypeId=1&isAd=false&nativeAdData=&numberOfLoadedTiles=238&page=sortDetailPageDiscover&placeId=2768379856&position=47&universeId=1000233041,91%
draw things and turn into them tools,https://www.roblox.com/games/12366490284/draw-things-and-turn-into-them-tools?gameSetTargetId&gameSetTypeId=1&isAd=false&nativeAdData=&numberOfLoadedTiles=238&page=sortDetailPageDiscover&placeId=12366490284&position=48&universeId=4352463723,72%
The Strongest Battlegrounds,https://www.roblox.com/games/10449761463/The-Strongest-Battlegrounds?gameSetTargetId&gameSetTypeId=1&isAd=false&nativeAdData=&numberOfLoadedTiles=238&page=sortDetailPageDiscover&placeId=10449761463&position=49&universeId=3808081382,86%
Punch Wall Simulator,https://www.roblox.com/games/12851888521/Punch-Wall-Simulator?gameSetTargetId&gameSetTypeId=1&isAd=false&nativeAdData=&numberOfLoadedTiles=238&page=sortDetailPageDiscover&placeId=12851888521&position=50&universeId=4498728505,95%
Work at a Pizza Place,https://www.roblox.com/games/192800/Work-at-a-Pizza-Place?gameSetTargetId&gameSetTypeId=1&isAd=false&nativeAdData=&numberOfLoadedTiles=238&page=sortDetailPageDiscover&placeId=192800&position=51&universeId=47545,92%
Every Second You Get 1 Jump Power,https://www.roblox.com/games/11063612131/Every-Second-You-Get-1-Jump-Power?gameSetTargetId&gameSetTypeId=1&isAd=false&nativeAdData=&numberOfLoadedTiles=238&page=sortDetailPageDiscover&placeId=11063612131&position=52&universeId=3967853925,91%
BABY BOBBYS DAYCARE FIRST PERSON OBBY,https://www.roblox.com/games/12090482034/BABY-BOBBYS-DAYCARE-FIRST-PERSON-OBBY?gameSetTargetId&gameSetTypeId=1&isAd=false&nativeAdData=&numberOfLoadedTiles=238&page=sortDetailPageDiscover&placeId=12090482034&position=53&universeId=4267277633,47%
BETTYS NURSERY ESCAPE FIRST PERSON OBBY,https://www.roblox.com/games/12857619746/BETTYS-NURSERY-ESCAPE-FIRST-PERSON-OBBY?gameSetTargetId&gameSetTypeId=1&isAd=false&nativeAdData=&numberOfLoadedTiles=238&page=sortDetailPageDiscover&placeId=12857619746&position=54&universeId=4500652595,51%
GREAT SCHOOL BREAKOUT First Person Obby,https://www.roblox.com/games/9099326192/GREAT-SCHOOL-BREAKOUT-First-Person-Obby?gameSetTargetId&gameSetTypeId=1&isAd=false&nativeAdData=&numberOfLoadedTiles=238&page=sortDetailPageDiscover&placeId=9099326192&position=55&universeId=3420059569,51%
Insane Elevator,https://www.roblox.com/games/4104106043/Insane-Elevator?gameSetTargetId&gameSetTypeId=1&isAd=false&nativeAdData=&numberOfLoadedTiles=238&page=sortDetailPageDiscover&placeId=4104106043&position=56&universeId=1358133289,86%
FREE ADMIN Ragdoll Engine ,https://www.roblox.com/games/5950733731/FREE-ADMIN-Ragdoll-Engine?gameSetTargetId&gameSetTypeId=1&isAd=false&nativeAdData=&numberOfLoadedTiles=238&page=sortDetailPageDiscover&placeId=5950733731&position=57&universeId=2139563899,82%
NEW Backrooms Morphs,https://www.roblox.com/games/9863691914/NEW-Backrooms-Morphs?gameSetTargetId&gameSetTypeId=1&isAd=false&nativeAdData=&numberOfLoadedTiles=238&page=sortDetailPageDiscover&placeId=9863691914&position=58&universeId=3644787809,82%
Spray Paint,https://www.roblox.com/games/5991163185/Spray-Paint?gameSetTargetId&gameSetTypeId=1&isAd=false&nativeAdData=&numberOfLoadedTiles=238&page=sortDetailPageDiscover&placeId=5991163185&position=59&universeId=2160907981,82%
 Free Items Game,https://www.roblox.com/games/4857298151/Free-Items-Game?gameSetTargetId&gameSetTypeId=1&isAd=false&nativeAdData=&numberOfLoadedTiles=238&page=sortDetailPageDiscover&placeId=4857298151&position=60&universeId=1651278324,90%
Good Girls Sorority,https://www.roblox.com/games/420152168/Good-Girls-Sorority?gameSetTargetId&gameSetTypeId=1&isAd=false&nativeAdData=&numberOfLoadedTiles=238&page=sortDetailPageDiscover&placeId=420152168&position=61&universeId=159303751,80%
Dont Call At 3AM,https://www.roblox.com/games/10840536790/Dont-Call-At-3AM?gameSetTargetId&gameSetTypeId=1&isAd=false&nativeAdData=&numberOfLoadedTiles=238&page=sortDetailPageDiscover&placeId=10840536790&position=62&universeId=3914719246,45%
Teamwork Puzzles 2 Obby,https://www.roblox.com/games/12641272458/Teamwork-Puzzles-2-Obby?gameSetTargetId&gameSetTypeId=1&isAd=false&nativeAdData=&numberOfLoadedTiles=238&page=sortDetailPageDiscover&placeId=12641272458&position=63&universeId=4434803478,90%
Last To Leave New Events,https://www.roblox.com/games/8305160617/Last-To-Leave-New-Events?gameSetTargetId&gameSetTypeId=1&isAd=false&nativeAdData=&numberOfLoadedTiles=238&page=sortDetailPageDiscover&placeId=8305160617&position=64&universeId=3183742847,70%
Bendy and the ink Machine,https://www.roblox.com/games/3877215576/Bendy-and-the-ink-Machine?gameSetTargetId&gameSetTypeId=1&isAd=false&nativeAdData=&numberOfLoadedTiles=238&page=sortDetailPageDiscover&placeId=3877215576&position=65&universeId=1322647185,65%
Hungry Pig,https://www.roblox.com/games/11216791462/Hungry-Pig?gameSetTargetId&gameSetTypeId=1&isAd=false&nativeAdData=&numberOfLoadedTiles=238&page=sortDetailPageDiscover&placeId=11216791462&position=66&universeId=4003070553,81%
H2O Mermaid Testing,https://www.roblox.com/games/5856880701/H2O-Mermaid-Testing?gameSetTargetId&gameSetTypeId=1&isAd=false&nativeAdData=&numberOfLoadedTiles=238&page=sortDetailPageDiscover&placeId=5856880701&position=67&universeId=2087494287,75%
Build A Boat For Treasure,https://www.roblox.com/games/537413528/Build-A-Boat-For-Treasure?gameSetTargetId&gameSetTypeId=1&isAd=false&nativeAdData=&numberOfLoadedTiles=238&page=sortDetailPageDiscover&placeId=537413528&position=68&universeId=210851291,93%
Neighbors  Voice Chat  Mic Up,https://www.roblox.com/games/12699642568/Neighbors-Voice-Chat-Mic-Up?gameSetTargetId&gameSetTypeId=1&isAd=false&nativeAdData=&numberOfLoadedTiles=238&page=sortDetailPageDiscover&placeId=12699642568&position=69&universeId=4452297356,82%
Broken Bones IV,https://www.roblox.com/games/2551991523/Broken-Bones-IV?gameSetTargetId&gameSetTypeId=1&isAd=false&nativeAdData=&numberOfLoadedTiles=238&page=sortDetailPageDiscover&placeId=2551991523&position=70&universeId=911750776,87%
UPD Anime Adventures,https://www.roblox.com/games/8304191830/UPD-Anime-Adventures?gameSetTargetId&gameSetTypeId=1&isAd=false&nativeAdData=&numberOfLoadedTiles=238&page=sortDetailPageDiscover&placeId=8304191830&position=71&universeId=3183403065,92%
GRUMPY GRAN SCARY OBBY,https://www.roblox.com/games/9372570969/GRUMPY-GRAN-SCARY-OBBY?gameSetTargetId&gameSetTypeId=1&isAd=false&nativeAdData=&numberOfLoadedTiles=238&page=sortDetailPageDiscover&placeId=9372570969&position=72&universeId=3502524667,66%
MIC UP ,https://www.roblox.com/games/6884319169/MIC-UP?gameSetTargetId&gameSetTypeId=1&isAd=false&nativeAdData=&numberOfLoadedTiles=238&page=sortDetailPageDiscover&placeId=6884319169&position=73&universeId=2626227051,78%
X2 Race Clicker,https://www.roblox.com/games/9285238704/X2-Race-Clicker?gameSetTargetId&gameSetTypeId=1&isAd=false&nativeAdData=&numberOfLoadedTiles=238&page=sortDetailPageDiscover&placeId=9285238704&position=74&universeId=3476371299,96%
Vehicle Legends,https://www.roblox.com/games/4566572536/Vehicle-Legends?gameSetTargetId&gameSetTypeId=1&isAd=false&nativeAdData=&numberOfLoadedTiles=238&page=sortDetailPageDiscover&placeId=4566572536&position=75&universeId=1480782352,93%
Da Hood,https://www.roblox.com/games/2788229376/Da-Hood?gameSetTargetId&gameSetTypeId=1&isAd=false&nativeAdData=&numberOfLoadedTiles=238&page=sortDetailPageDiscover&placeId=2788229376&position=76&universeId=1008451066,70%
Basically FNF Remix,https://www.roblox.com/games/6520999642/Basically-FNF-Remix?gameSetTargetId&gameSetTypeId=1&isAd=false&nativeAdData=&numberOfLoadedTiles=238&page=sortDetailPageDiscover&placeId=6520999642&position=77&universeId=2443177453,89%
Prison Life,https://www.roblox.com/games/155615604/Prison-Life?gameSetTargetId&gameSetTypeId=1&isAd=false&nativeAdData=&numberOfLoadedTiles=238&page=sortDetailPageDiscover&placeId=155615604&position=78&universeId=73885730,85%
Easy Obby,https://www.roblox.com/games/5972698540/Easy-Obby?gameSetTargetId&gameSetTypeId=1&isAd=false&nativeAdData=&numberOfLoadedTiles=238&page=sortDetailPageDiscover&placeId=5972698540&position=79&universeId=2151379579,79%
BIRD SURF  10  TTD 3,https://www.roblox.com/games/5771467270/BIRD-SURF-10-TTD-3?gameSetTargetId&gameSetTypeId=1&isAd=false&nativeAdData=&numberOfLoadedTiles=238&page=sortDetailPageDiscover&placeId=5771467270&position=80&universeId=2047210140,84%
Strongman Simulator,https://www.roblox.com/games/6766156863/Strongman-Simulator?gameSetTargetId&gameSetTypeId=1&isAd=false&nativeAdData=&numberOfLoadedTiles=238&page=sortDetailPageDiscover&placeId=6766156863&position=81&universeId=2564505263,93%
Flee the Facility,https://www.roblox.com/games/893973440/Flee-the-Facility?gameSetTargetId&gameSetTypeId=1&isAd=false&nativeAdData=&numberOfLoadedTiles=238&page=sortDetailPageDiscover&placeId=893973440&position=82&universeId=372226183,92%
SCP Games and SCP Monsters,https://www.roblox.com/games/7253149844/SCP-Games-and-SCP-Monsters?gameSetTargetId&gameSetTypeId=1&isAd=false&nativeAdData=&numberOfLoadedTiles=238&page=sortDetailPageDiscover&placeId=7253149844&position=83&universeId=2827951974,80%
Gorilla Tag Experience,https://www.roblox.com/games/8877152338/Gorilla-Tag-Experience?gameSetTargetId&gameSetTypeId=1&isAd=false&nativeAdData=&numberOfLoadedTiles=238&page=sortDetailPageDiscover&placeId=8877152338&position=84&universeId=3357382017,46%
New High School Life,https://www.roblox.com/games/92604236/New-High-School-Life?gameSetTargetId&gameSetTypeId=1&isAd=false&nativeAdData=&numberOfLoadedTiles=238&page=sortDetailPageDiscover&placeId=92604236&position=85&universeId=75587443,85%
SUBMARINE  Redcliff City  RP,https://www.roblox.com/games/8369888266/SUBMARINE-Redcliff-City-RP?gameSetTargetId&gameSetTypeId=1&isAd=false&nativeAdData=&numberOfLoadedTiles=238&page=sortDetailPageDiscover&placeId=8369888266&position=86&universeId=3204175584,88%
Infectious Smile,https://www.roblox.com/games/5985232436/Infectious-Smile?gameSetTargetId&gameSetTypeId=1&isAd=false&nativeAdData=&numberOfLoadedTiles=238&page=sortDetailPageDiscover&placeId=5985232436&position=87&universeId=2157872230,79%
Jailbreak,https://www.roblox.com/games/606849621/Jailbreak?gameSetTargetId&gameSetTypeId=1&isAd=false&nativeAdData=&numberOfLoadedTiles=238&page=sortDetailPageDiscover&placeId=606849621&position=88&universeId=245662005,88%
Sunsilk Hair Care Lab Tycoon,https://www.roblox.com/games/12514863600/Sunsilk-Hair-Care-Lab-Tycoon?gameSetTargetId&gameSetTypeId=1&isAd=false&nativeAdData=&numberOfLoadedTiles=238&page=sortDetailPageDiscover&placeId=12514863600&position=89&universeId=4397551305,89%
Fling Things and People,https://www.roblox.com/games/6961824067/Fling-Things-and-People?gameSetTargetId&gameSetTypeId=1&isAd=false&nativeAdData=&numberOfLoadedTiles=238&page=sortDetailPageDiscover&placeId=6961824067&position=90&universeId=2668101271,76%
Field Trip Z,https://www.roblox.com/games/4954096313/Field-Trip-Z?gameSetTargetId&gameSetTypeId=1&isAd=false&nativeAdData=&numberOfLoadedTiles=238&page=sortDetailPageDiscover&placeId=4954096313&position=91&universeId=1701332290,77%
PET PARTY ,https://www.roblox.com/games/11497119928/PET-PARTY?gameSetTargetId&gameSetTypeId=1&isAd=false&nativeAdData=&numberOfLoadedTiles=238&page=sortDetailPageDiscover&placeId=11497119928&position=92&universeId=4086773669,67%
Super Fun Obby  500 Stages,https://www.roblox.com/games/11364184405/Super-Fun-Obby-500-Stages?gameSetTargetId&gameSetTypeId=1&isAd=false&nativeAdData=&numberOfLoadedTiles=238&page=sortDetailPageDiscover&placeId=11364184405&position=93&universeId=4044606250,76%
 XMAS Event  Funky Friday,https://www.roblox.com/games/6447798030/XMAS-Event-Funky-Friday?gameSetTargetId&gameSetTypeId=1&isAd=false&nativeAdData=&numberOfLoadedTiles=238&page=sortDetailPageDiscover&placeId=6447798030&position=94&universeId=2404080894,90%
 nicos nextbots ARCADE,https://www.roblox.com/games/10118559731/nicos-nextbots-ARCADE?gameSetTargetId&gameSetTypeId=1&isAd=false&nativeAdData=&numberOfLoadedTiles=238&page=sortDetailPageDiscover&placeId=10118559731&position=95&universeId=3717264063,92%
Legends Of Speed ,https://www.roblox.com/games/3101667897/Legends-Of-Speed?gameSetTargetId&gameSetTypeId=1&isAd=false&nativeAdData=&numberOfLoadedTiles=238&page=sortDetailPageDiscover&placeId=3101667897&position=96&universeId=1119466531,91%
Encanto ,https://www.roblox.com/games/8482542269/Encanto?gameSetTargetId&gameSetTypeId=1&isAd=false&nativeAdData=&numberOfLoadedTiles=238&page=sortDetailPageDiscover&placeId=8482542269&position=97&universeId=3240290116,78%
Squid Game,https://www.roblox.com/games/7549229959/Squid-Game?gameSetTargetId&gameSetTypeId=1&isAd=false&nativeAdData=&numberOfLoadedTiles=238&page=sortDetailPageDiscover&placeId=7549229959&position=98&universeId=2934375089,85%
LIGHTNING  2X LUCK Fruit Battlegrounds,https://www.roblox.com/games/9224601490/LIGHTNING-2X-LUCK-Fruit-Battlegrounds?gameSetTargetId&gameSetTypeId=1&isAd=false&nativeAdData=&numberOfLoadedTiles=238&page=sortDetailPageDiscover&placeId=9224601490&position=99&universeId=3457700596,90%
Murderers vs Sheriffs,https://www.roblox.com/games/5154858502/Murderers-vs-Sheriffs?gameSetTargetId&gameSetTypeId=1&isAd=false&nativeAdData=&numberOfLoadedTiles=238&page=sortDetailPageDiscover&placeId=5154858502&position=100&universeId=1795206523,75%
Super Hero Tycoon,https://www.roblox.com/games/574407221/Super-Hero-Tycoon?gameSetTargetId&gameSetTypeId=1&isAd=false&nativeAdData=&numberOfLoadedTiles=238&page=sortDetailPageDiscover&placeId=574407221&position=101&universeId=228573408,81%
The Intruder,https://www.roblox.com/games/8073154099/The-Intruder?gameSetTargetId&gameSetTypeId=1&isAd=false&nativeAdData=&numberOfLoadedTiles=238&page=sortDetailPageDiscover&placeId=8073154099&position=102&universeId=3109731140,91%
UPDATE 465 King Legacy,https://www.roblox.com/games/4520749081/UPDATE-4-65-King-Legacy?gameSetTargetId&gameSetTypeId=1&isAd=false&nativeAdData=&numberOfLoadedTiles=238&page=sortDetailPageDiscover&placeId=4520749081&position=103&universeId=1451439645,91%
TWICE SQUARE,https://www.roblox.com/games/12202678406/TWICE-SQUARE?gameSetTargetId&gameSetTypeId=1&isAd=false&nativeAdData=&numberOfLoadedTiles=238&page=sortDetailPageDiscover&placeId=12202678406&position=104&universeId=4300637801,89%
Ohio ,https://www.roblox.com/games/7239319209/Ohio?gameSetTargetId&gameSetTypeId=1&isAd=false&nativeAdData=&numberOfLoadedTiles=238&page=sortDetailPageDiscover&placeId=7239319209&position=105&universeId=2820580801,93%
NEW STORY Short Creepy stories Night shi...,https://www.roblox.com/games/8404684575/NEW-STORY-Short-Creepy-stories-Night-shift?gameSetTargetId&gameSetTypeId=1&isAd=false&nativeAdData=&numberOfLoadedTiles=238&page=sortDetailPageDiscover&placeId=8404684575&position=106&universeId=3215864160,77%
UPDSurvive Wednesday The Killer,https://www.roblox.com/games/10450609149/UPD-Survive-Wednesday-The-Killer?gameSetTargetId&gameSetTypeId=1&isAd=false&nativeAdData=&numberOfLoadedTiles=238&page=sortDetailPageDiscover&placeId=10450609149&position=107&universeId=3808315966,58%
Granny Multiplayer,https://www.roblox.com/games/4480809144/Granny-Multiplayer?gameSetTargetId&gameSetTypeId=1&isAd=false&nativeAdData=&numberOfLoadedTiles=238&page=sortDetailPageDiscover&placeId=4480809144&position=108&universeId=1430007363,81%
 Zombie Uprising,https://www.roblox.com/games/4972091010/Zombie-Uprising?gameSetTargetId&gameSetTypeId=1&isAd=false&nativeAdData=&numberOfLoadedTiles=238&page=sortDetailPageDiscover&placeId=4972091010&position=109&universeId=1709832923,95%
Climb 1000 Stairs,https://www.roblox.com/games/5702593762/Climb-1-000-Stairs?gameSetTargetId&gameSetTypeId=1&isAd=false&nativeAdData=&numberOfLoadedTiles=238&page=sortDetailPageDiscover&placeId=5702593762&position=110&universeId=2017809925,64%
Fashion Famous Update,https://www.roblox.com/games/568350650/Fashion-Famous-Update?gameSetTargetId&gameSetTypeId=1&isAd=false&nativeAdData=&numberOfLoadedTiles=238&page=sortDetailPageDiscover&placeId=568350650&position=111&universeId=225431369,85%
Happy Land,https://www.roblox.com/games/6717367660/Happy-Land?gameSetTargetId&gameSetTypeId=1&isAd=false&nativeAdData=&numberOfLoadedTiles=238&page=sortDetailPageDiscover&placeId=6717367660&position=112&universeId=2538086639,65%
Speed Run 4,https://www.roblox.com/games/183364845/Speed-Run-4?gameSetTargetId&gameSetTypeId=1&isAd=false&nativeAdData=&numberOfLoadedTiles=238&page=sortDetailPageDiscover&placeId=183364845&position=113&universeId=83858907,75%
Dont Press The Button 4,https://www.roblox.com/games/5171093784/Dont-Press-The-Button-4?gameSetTargetId&gameSetTypeId=1&isAd=false&nativeAdData=&numberOfLoadedTiles=238&page=sortDetailPageDiscover&placeId=5171093784&position=114&universeId=1802622907,85%
Find The Markers 236,https://www.roblox.com/games/7896264844/Find-The-Markers-236?gameSetTargetId&gameSetTypeId=1&isAd=false&nativeAdData=&numberOfLoadedTiles=238&page=sortDetailPageDiscover&placeId=7896264844&position=115&universeId=3056160040,81%
5v5 MM2 Mansion 2,https://www.roblox.com/games/8746340138/5v5-MM2-Mansion-2?gameSetTargetId&gameSetTypeId=1&isAd=false&nativeAdData=&numberOfLoadedTiles=238&page=sortDetailPageDiscover&placeId=8746340138&position=116&universeId=3320096270,69%
Muscle Legends,https://www.roblox.com/games/3623096087/Muscle-Legends?gameSetTargetId&gameSetTypeId=1&isAd=false&nativeAdData=&numberOfLoadedTiles=238&page=sortDetailPageDiscover&placeId=3623096087&position=117&universeId=1268927906,87%
 BABY ORCA Club Roblox,https://www.roblox.com/games/3457390032/BABY-ORCA-Club-Roblox?gameSetTargetId&gameSetTypeId=1&isAd=false&nativeAdData=&numberOfLoadedTiles=238&page=sortDetailPageDiscover&placeId=3457390032&position=118&universeId=1230230722,90%
Escape School Obby NEW,https://www.roblox.com/games/7027306580/Escape-School-Obby-NEW?gameSetTargetId&gameSetTypeId=1&isAd=false&nativeAdData=&numberOfLoadedTiles=238&page=sortDetailPageDiscover&placeId=7027306580&position=119&universeId=2703506783,73%
Realistic Ragdoll Physics,https://www.roblox.com/games/6305582775/Realistic-Ragdoll-Physics?gameSetTargetId&gameSetTypeId=1&isAd=false&nativeAdData=&numberOfLoadedTiles=238&page=sortDetailPageDiscover&placeId=6305582775&position=120&universeId=2327461601,83%
Escape Grandmas House Obby,https://www.roblox.com/games/509411123/Escape-Grandmas-House-Obby?gameSetTargetId&gameSetTypeId=1&isAd=false&nativeAdData=&numberOfLoadedTiles=238&page=sortDetailPageDiscover&placeId=509411123&position=121&universeId=197478150,42%
 Fall 99999 Rainbow Spiral Parkour Obby,https://www.roblox.com/games/6011940308/Fall-99999-Rainbow-Spiral-Parkour-Obby?gameSetTargetId&gameSetTypeId=1&isAd=false&nativeAdData=&numberOfLoadedTiles=238&page=sortDetailPageDiscover&placeId=6011940308&position=122&universeId=2171758161,56%
Survival The Daddy Pig The Killer,https://www.roblox.com/games/6364718548/Survival-The-Daddy-Pig-The-Killer?gameSetTargetId&gameSetTypeId=1&isAd=false&nativeAdData=&numberOfLoadedTiles=238&page=sortDetailPageDiscover&placeId=6364718548&position=123&universeId=2359301500,69%
Combat Warriors,https://www.roblox.com/games/4282985734/Combat-Warriors?gameSetTargetId&gameSetTypeId=1&isAd=false&nativeAdData=&numberOfLoadedTiles=238&page=sortDetailPageDiscover&placeId=4282985734&position=124&universeId=1390601379,84%
Possible Squid game,https://www.roblox.com/games/8034026074/Possible-Squid-game?gameSetTargetId&gameSetTypeId=1&isAd=false&nativeAdData=&numberOfLoadedTiles=238&page=sortDetailPageDiscover&placeId=8034026074&position=125&universeId=3097803944,56%
FIXED Escape Evil Step Dad Obby,https://www.roblox.com/games/12678239678/FIXED-Escape-Evil-Step-Dad-Obby?gameSetTargetId&gameSetTypeId=1&isAd=false&nativeAdData=&numberOfLoadedTiles=238&page=sortDetailPageDiscover&placeId=12678239678&position=126&universeId=4445858082,52%
Fart Race Gang Race,https://www.roblox.com/games/11763462079/Fart-Race-Gang-Race?gameSetTargetId&gameSetTypeId=1&isAd=false&nativeAdData=&numberOfLoadedTiles=238&page=sortDetailPageDiscover&placeId=11763462079&position=127&universeId=4164550385,96%
 BOXING BETA NEW BLOCK ,https://www.roblox.com/games/6804602922/BOXING-BETA-NEW-BLOCK?gameSetTargetId&gameSetTypeId=1&isAd=false&nativeAdData=&numberOfLoadedTiles=238&page=sortDetailPageDiscover&placeId=6804602922&position=128&universeId=2583564222,83%
Catwalk Show,https://www.roblox.com/games/10791921674/Catwalk-Show?gameSetTargetId&gameSetTypeId=1&isAd=false&nativeAdData=&numberOfLoadedTiles=238&page=sortDetailPageDiscover&placeId=10791921674&position=129&universeId=3900846521,75%
Realistic Hand RP  Without VR,https://www.roblox.com/games/7117492592/Realistic-Hand-RP-Without-VR?gameSetTargetId&gameSetTypeId=1&isAd=false&nativeAdData=&numberOfLoadedTiles=238&page=sortDetailPageDiscover&placeId=7117492592&position=130&universeId=2754593977,87%
Squid Game,https://www.roblox.com/games/7678601903/Squid-Game?gameSetTargetId&gameSetTypeId=1&isAd=false&nativeAdData=&numberOfLoadedTiles=238&page=sortDetailPageDiscover&placeId=7678601903&position=131&universeId=2981978342,56%
Warrior Cats Ultimate Edition,https://www.roblox.com/games/3663340706/Warrior-Cats-Ultimate-Edition?gameSetTargetId&gameSetTypeId=1&isAd=false&nativeAdData=&numberOfLoadedTiles=238&page=sortDetailPageDiscover&placeId=3663340706&position=132&universeId=1278035280,93%
Escape The Dungeon Obby READ DESC,https://www.roblox.com/games/2028593804/Escape-The-Dungeon-Obby-READ-DESC?gameSetTargetId&gameSetTypeId=1&isAd=false&nativeAdData=&numberOfLoadedTiles=238&page=sortDetailPageDiscover&placeId=2028593804&position=133&universeId=715607282,61%
Easy Parkour Obby,https://www.roblox.com/games/7427929301/Easy-Parkour-Obby?gameSetTargetId&gameSetTypeId=1&isAd=false&nativeAdData=&numberOfLoadedTiles=238&page=sortDetailPageDiscover&placeId=7427929301&position=134&universeId=2894092245,63%
Animal Simulator,https://www.roblox.com/games/5712833750/Animal-Simulator?gameSetTargetId&gameSetTypeId=1&isAd=false&nativeAdData=&numberOfLoadedTiles=238&page=sortDetailPageDiscover&placeId=5712833750&position=135&universeId=2023680558,83%
be a dad and get milk simulator,https://www.roblox.com/games/11939339894/be-a-dad-and-get-milk-simulator?gameSetTargetId&gameSetTypeId=1&isAd=false&nativeAdData=&numberOfLoadedTiles=238&page=sortDetailPageDiscover&placeId=11939339894&position=136&universeId=4226061103,91%
Every Second You Get 1,https://www.roblox.com/games/11912525919/Every-Second-You-Get-1?gameSetTargetId&gameSetTypeId=1&isAd=false&nativeAdData=&numberOfLoadedTiles=238&page=sortDetailPageDiscover&placeId=11912525919&position=137&universeId=4214708235,90%
NEW Driving Empire,https://www.roblox.com/games/3351674303/NEW-Driving-Empire?gameSetTargetId&gameSetTypeId=1&isAd=false&nativeAdData=&numberOfLoadedTiles=238&page=sortDetailPageDiscover&placeId=3351674303&position=138&universeId=1202096104,91%
NEW Escape Prison Obby READ DESC,https://www.roblox.com/games/3072832953/NEW-Escape-Prison-Obby-READ-DESC?gameSetTargetId&gameSetTypeId=1&isAd=false&nativeAdData=&numberOfLoadedTiles=238&page=sortDetailPageDiscover&placeId=3072832953&position=139&universeId=1108432543,58%
Escape Papa Pizzas Pizzeria SCARY OBBY,https://www.roblox.com/games/6939111033/Escape-Papa-Pizzas-Pizzeria-SCARY-OBBY?gameSetTargetId&gameSetTypeId=1&isAd=false&nativeAdData=&numberOfLoadedTiles=238&page=sortDetailPageDiscover&placeId=6939111033&position=140&universeId=2655478023,46%
つColor Block Race,https://www.roblox.com/games/10860409809/Color-Block-Race?gameSetTargetId&gameSetTypeId=1&isAd=false&nativeAdData=&numberOfLoadedTiles=238&page=sortDetailPageDiscover&placeId=10860409809&position=141&universeId=3920692341,77%
Shrek in the Backrooms,https://www.roblox.com/games/9534337535/Shrek-in-the-Backrooms?gameSetTargetId&gameSetTypeId=1&isAd=false&nativeAdData=&numberOfLoadedTiles=238&page=sortDetailPageDiscover&placeId=9534337535&position=142&universeId=3551414857,88%
Scarlet Miraculous RP Ladybug  Cat Noir,https://www.roblox.com/games/6377740507/Scarlet-Miraculous-RP-Ladybug-Cat-Noir?gameSetTargetId&gameSetTypeId=1&isAd=false&nativeAdData=&numberOfLoadedTiles=238&page=sortDetailPageDiscover&placeId=6377740507&position=143&universeId=2366560560,86%
Vibe Place ,https://www.roblox.com/games/9298624201/Vibe-Place?gameSetTargetId&gameSetTypeId=1&isAd=false&nativeAdData=&numberOfLoadedTiles=238&page=sortDetailPageDiscover&placeId=9298624201&position=144&universeId=3480296203,82%
Pick The Right Path For Admin Obby,https://www.roblox.com/games/12488435200/Pick-The-Right-Path-For-Admin-Obby?gameSetTargetId&gameSetTypeId=1&isAd=false&nativeAdData=&numberOfLoadedTiles=238&page=sortDetailPageDiscover&placeId=12488435200&position=145&universeId=4390119118,71%
 GOLD SHADOW  Sonic Speed Simulator,https://www.roblox.com/games/9049840490/GOLD-SHADOW-Sonic-Speed-Simulator?gameSetTargetId&gameSetTypeId=1&isAd=false&nativeAdData=&numberOfLoadedTiles=238&page=sortDetailPageDiscover&placeId=9049840490&position=146&universeId=3405618667,93%
Ragdoll Engine,https://www.roblox.com/games/9848789324/Ragdoll-Engine?gameSetTargetId&gameSetTypeId=1&isAd=false&nativeAdData=&numberOfLoadedTiles=238&page=sortDetailPageDiscover&placeId=9848789324&position=147&universeId=3640612838,69%
PM,https://www.roblox.com/games/9447079542/PM?gameSetTargetId&gameSetTypeId=1&isAd=false&nativeAdData=&numberOfLoadedTiles=238&page=sortDetailPageDiscover&placeId=9447079542&position=148&universeId=3525075510,89%
 Toca Boca RP Online,https://www.roblox.com/games/9977604524/Toca-Boca-RP-Online?gameSetTargetId&gameSetTypeId=1&isAd=false&nativeAdData=&numberOfLoadedTiles=238&page=sortDetailPageDiscover&placeId=9977604524&position=149&universeId=3677674410,54%
LGBTQ Hangout,https://www.roblox.com/games/5373028495/LGBTQ-Hangout?gameSetTargetId&gameSetTypeId=1&isAd=false&nativeAdData=&numberOfLoadedTiles=238&page=sortDetailPageDiscover&placeId=5373028495&position=150&universeId=1883423040,38%
Almost Accurate DOORS RP  Update,https://www.roblox.com/games/11293168687/Almost-Accurate-DOORS-RP-Update?gameSetTargetId&gameSetTypeId=1&isAd=false&nativeAdData=&numberOfLoadedTiles=238&page=sortDetailPageDiscover&placeId=11293168687&position=151&universeId=4024509565,92%
THE ROBLOX OBBY  Free Admin ,https://www.roblox.com/games/9569250818/THE-ROBLOX-OBBY-Free-Admin?gameSetTargetId&gameSetTypeId=1&isAd=false&nativeAdData=&numberOfLoadedTiles=238&page=sortDetailPageDiscover&placeId=9569250818&position=152&universeId=3563500047,26%
AnniversaryMy Hello Kitty CafeBuild,https://www.roblox.com/games/9346039031/Anniversary-My-Hello-Kitty-Cafe-Build?gameSetTargetId&gameSetTypeId=1&isAd=false&nativeAdData=&numberOfLoadedTiles=238&page=sortDetailPageDiscover&placeId=9346039031&position=153&universeId=3494556606,97%
Ride a Box Down a Slide,https://www.roblox.com/games/6999691637/Ride-a-Box-Down-a-Slide?gameSetTargetId&gameSetTypeId=1&isAd=false&nativeAdData=&numberOfLoadedTiles=238&page=sortDetailPageDiscover&placeId=6999691637&position=154&universeId=2688519321,76%
Ballroom Dance ,https://www.roblox.com/games/8789237466/Ballroom-Dance?gameSetTargetId&gameSetTypeId=1&isAd=false&nativeAdData=&numberOfLoadedTiles=238&page=sortDetailPageDiscover&placeId=8789237466&position=155&universeId=3332494509,91%
فورت نايت العرب,https://www.roblox.com/games/8721702870/unnamed?gameSetTargetId&gameSetTypeId=1&isAd=false&nativeAdData=&numberOfLoadedTiles=238&page=sortDetailPageDiscover&placeId=8721702870&position=156&universeId=3313059678,62%
GET EATEN BY JAMES CHARLES 2 OBBY SCARY,https://www.roblox.com/games/6248365197/GET-EATEN-BY-JAMES-CHARLES-2-OBBY-SCARY?gameSetTargetId&gameSetTypeId=1&isAd=false&nativeAdData=&numberOfLoadedTiles=238&page=sortDetailPageDiscover&placeId=6248365197&position=157&universeId=2296556200,73%
Tower of Jump FREE HALOS,https://www.roblox.com/games/7211666966/Tower-of-Jump-FREE-HALOS?gameSetTargetId&gameSetTypeId=1&isAd=false&nativeAdData=&numberOfLoadedTiles=238&page=sortDetailPageDiscover&placeId=7211666966&position=158&universeId=2805713501,84%
Doge Head Escape,https://www.roblox.com/games/8831256282/Doge-Head-Escape?gameSetTargetId&gameSetTypeId=1&isAd=false&nativeAdData=&numberOfLoadedTiles=238&page=sortDetailPageDiscover&placeId=8831256282&position=159&universeId=3344795851,53%
Shovelwares Brain Game,https://www.roblox.com/games/7978512334/Shovelwares-Brain-Game?gameSetTargetId&gameSetTypeId=1&isAd=false&nativeAdData=&numberOfLoadedTiles=238&page=sortDetailPageDiscover&placeId=7978512334&position=160&universeId=3081555258,94%
BEAST Rogue Demon,https://www.roblox.com/games/9103898828/BEAST-Rogue-Demon?gameSetTargetId&gameSetTypeId=1&isAd=false&nativeAdData=&numberOfLoadedTiles=238&page=sortDetailPageDiscover&placeId=9103898828&position=161&universeId=3421408084,81%
Dont Press The Button,https://www.roblox.com/games/2998650659/Dont-Press-The-Button?gameSetTargetId&gameSetTypeId=1&isAd=false&nativeAdData=&numberOfLoadedTiles=238&page=sortDetailPageDiscover&placeId=2998650659&position=162&universeId=1083350597,79%
Spray Paint Street Art,https://www.roblox.com/games/6514485908/Spray-Paint-Street-Art?gameSetTargetId&gameSetTypeId=1&isAd=false&nativeAdData=&numberOfLoadedTiles=238&page=sortDetailPageDiscover&placeId=6514485908&position=163&universeId=2439626884,66%
Hero Brawl,https://www.roblox.com/games/10625506467/Hero-Brawl?gameSetTargetId&gameSetTypeId=1&isAd=false&nativeAdData=&numberOfLoadedTiles=238&page=sortDetailPageDiscover&placeId=10625506467&position=164&universeId=3854678859,77%
Arsenal,https://www.roblox.com/games/286090429/Arsenal?gameSetTargetId&gameSetTypeId=1&isAd=false&nativeAdData=&numberOfLoadedTiles=238&page=sortDetailPageDiscover&placeId=286090429&position=165&universeId=111958650,89%
Climb 2000 Stairs to VIP Obby,https://www.roblox.com/games/10129750406/Climb-2000-Stairs-to-VIP-Obby?gameSetTargetId&gameSetTypeId=1&isAd=false&nativeAdData=&numberOfLoadedTiles=238&page=sortDetailPageDiscover&placeId=10129750406&position=166&universeId=3720284206,63%
FASHION KLOSSETTE BETA,https://www.roblox.com/games/10762579692/FASHION-KLOSSETTE-BETA?gameSetTargetId&gameSetTypeId=1&isAd=false&nativeAdData=&numberOfLoadedTiles=238&page=sortDetailPageDiscover&placeId=10762579692&position=167&universeId=3892360804,71%
Doodle Transform,https://www.roblox.com/games/12433625183/Doodle-Transform?gameSetTargetId&gameSetTypeId=1&isAd=false&nativeAdData=&numberOfLoadedTiles=238&page=sortDetailPageDiscover&placeId=12433625183&position=168&universeId=4373286801,78%
Elemental Powers Tycoon Gravity,https://www.roblox.com/games/10253248401/Elemental-Powers-Tycoon-Gravity?gameSetTargetId&gameSetTypeId=1&isAd=false&nativeAdData=&numberOfLoadedTiles=238&page=sortDetailPageDiscover&placeId=10253248401&position=169&universeId=3754482795,89%
Catalog Outfit Creator,https://www.roblox.com/games/7326718220/Catalog-Outfit-Creator?gameSetTargetId&gameSetTypeId=1&isAd=false&nativeAdData=&numberOfLoadedTiles=238&page=sortDetailPageDiscover&placeId=7326718220&position=170&universeId=2858823042,78%
Mega Easy Obby  825 Stages,https://www.roblox.com/games/3587619225/Mega-Easy-Obby-825-Stages?gameSetTargetId&gameSetTypeId=1&isAd=false&nativeAdData=&numberOfLoadedTiles=238&page=sortDetailPageDiscover&placeId=3587619225&position=171&universeId=1261193936,79%
Jenga,https://www.roblox.com/games/2537430692/Jenga?gameSetTargetId&gameSetTypeId=1&isAd=false&nativeAdData=&numberOfLoadedTiles=238&page=sortDetailPageDiscover&placeId=2537430692&position=172&universeId=905198065,75%
Breaking Point,https://www.roblox.com/games/648362523/Breaking-Point?gameSetTargetId&gameSetTypeId=1&isAd=false&nativeAdData=&numberOfLoadedTiles=238&page=sortDetailPageDiscover&placeId=648362523&position=173&universeId=271119130,80%
Animal Life Forest RP ,https://www.roblox.com/games/9176945447/Animal-Life-Forest-RP?gameSetTargetId&gameSetTypeId=1&isAd=false&nativeAdData=&numberOfLoadedTiles=238&page=sortDetailPageDiscover&placeId=9176945447&position=174&universeId=3443482491,87%
BayView RP ,https://www.roblox.com/games/6202744791/BayView-RP?gameSetTargetId&gameSetTypeId=1&isAd=false&nativeAdData=&numberOfLoadedTiles=238&page=sortDetailPageDiscover&placeId=6202744791&position=175&universeId=2273199208,86%
Grappling Hook Obby,https://www.roblox.com/games/11634942124/Grappling-Hook-Obby?gameSetTargetId&gameSetTypeId=1&isAd=false&nativeAdData=&numberOfLoadedTiles=238&page=sortDetailPageDiscover&placeId=11634942124&position=176&universeId=4125587022,47%
Ragdoll Engine,https://www.roblox.com/games/6584731191/Ragdoll-Engine?gameSetTargetId&gameSetTypeId=1&isAd=false&nativeAdData=&numberOfLoadedTiles=238&page=sortDetailPageDiscover&placeId=6584731191&position=177&universeId=2478000301,65%
The Longest Hole In Roblox,https://www.roblox.com/games/6281183/The-Longest-Hole-In-Roblox?gameSetTargetId&gameSetTypeId=1&isAd=false&nativeAdData=&numberOfLoadedTiles=238&page=sortDetailPageDiscover&placeId=6281183&position=178&universeId=27284759,66%
UPDATE All Star Tower Defense,https://www.roblox.com/games/4996049426/UPDATE-All-Star-Tower-Defense?gameSetTargetId&gameSetTypeId=1&isAd=false&nativeAdData=&numberOfLoadedTiles=238&page=sortDetailPageDiscover&placeId=4996049426&position=179&universeId=1720936166,92%
FYRANILI Creatures of Sonaria,https://www.roblox.com/games/5233782396/FYRANILI-Creatures-of-Sonaria?gameSetTargetId&gameSetTypeId=1&isAd=false&nativeAdData=&numberOfLoadedTiles=238&page=sortDetailPageDiscover&placeId=5233782396&position=180&universeId=1831550657,87%
Tower of Hell Free Gravity Coil,https://www.roblox.com/games/6496227852/Tower-of-Hell-Free-Gravity-Coil?gameSetTargetId&gameSetTypeId=1&isAd=false&nativeAdData=&numberOfLoadedTiles=238&page=sortDetailPageDiscover&placeId=6496227852&position=181&universeId=2430070752,65%
Worm 2048,https://www.roblox.com/games/12399018110/Worm-2048?gameSetTargetId&gameSetTypeId=1&isAd=false&nativeAdData=&numberOfLoadedTiles=238&page=sortDetailPageDiscover&placeId=12399018110&position=182&universeId=4363131662,52%
Alo Sanctuary,https://www.roblox.com/games/8523408215/Alo-Sanctuary?gameSetTargetId&gameSetTypeId=1&isAd=false&nativeAdData=&numberOfLoadedTiles=238&page=sortDetailPageDiscover&placeId=8523408215&position=183&universeId=3253065035,87%
Longest Answer Wins NEW ANSWERS,https://www.roblox.com/games/4162410081/Longest-Answer-Wins-NEW-ANSWERS?gameSetTargetId&gameSetTypeId=1&isAd=false&nativeAdData=&numberOfLoadedTiles=238&page=sortDetailPageDiscover&placeId=4162410081&position=184&universeId=1367855362,66%
Raise a Peter,https://www.roblox.com/games/9571238478/Raise-a-Peter?gameSetTargetId&gameSetTypeId=1&isAd=false&nativeAdData=&numberOfLoadedTiles=238&page=sortDetailPageDiscover&placeId=9571238478&position=185&universeId=3563989313,79%
 Survive the Killer,https://www.roblox.com/games/4580204640/Survive-the-Killer?gameSetTargetId&gameSetTypeId=1&isAd=false&nativeAdData=&numberOfLoadedTiles=238&page=sortDetailPageDiscover&placeId=4580204640&position=186&universeId=1489026993,90%
AC130 Military Tycoon,https://www.roblox.com/games/7180042682/AC130-Military-Tycoon?gameSetTargetId&gameSetTypeId=1&isAd=false&nativeAdData=&numberOfLoadedTiles=238&page=sortDetailPageDiscover&placeId=7180042682&position=187&universeId=2788648141,93%
Clone Yourself,https://www.roblox.com/games/5086117384/Clone-Yourself?gameSetTargetId&gameSetTypeId=1&isAd=false&nativeAdData=&numberOfLoadedTiles=238&page=sortDetailPageDiscover&placeId=5086117384&position=188&universeId=1761773144,57%
TROPICAL  Mega Mansion Tycoon ,https://www.roblox.com/games/8328351891/TROPICAL-Mega-Mansion-Tycoon?gameSetTargetId&gameSetTypeId=1&isAd=false&nativeAdData=&numberOfLoadedTiles=238&page=sortDetailPageDiscover&placeId=8328351891&position=189&universeId=3191268194,93%
White Room,https://www.roblox.com/games/4765805939/White-Room?gameSetTargetId&gameSetTypeId=1&isAd=false&nativeAdData=&numberOfLoadedTiles=238&page=sortDetailPageDiscover&placeId=4765805939&position=190&universeId=1598595064,67%
 MR STINKYS DETENTION OBBY,https://www.roblox.com/games/11385151632/MR-STINKYS-DETENTION-OBBY?gameSetTargetId&gameSetTypeId=1&isAd=false&nativeAdData=&numberOfLoadedTiles=238&page=sortDetailPageDiscover&placeId=11385151632&position=191&universeId=4050977276,46%
Escape The Carnival of Terror Obby,https://www.roblox.com/games/6153766069/Escape-The-Carnival-of-Terror-Obby?gameSetTargetId&gameSetTypeId=1&isAd=false&nativeAdData=&numberOfLoadedTiles=238&page=sortDetailPageDiscover&placeId=6153766069&position=192&universeId=2247578975,55%
Build to Survive,https://www.roblox.com/games/7250769796/Build-to-Survive?gameSetTargetId&gameSetTypeId=1&isAd=false&nativeAdData=&numberOfLoadedTiles=238&page=sortDetailPageDiscover&placeId=7250769796&position=193&universeId=2826640183,77%
Impossible Glass Bridge Squid Game,https://www.roblox.com/games/8503115846/Impossible-Glass-Bridge-Squid-Game?gameSetTargetId&gameSetTypeId=1&isAd=false&nativeAdData=&numberOfLoadedTiles=238&page=sortDetailPageDiscover&placeId=8503115846&position=194&universeId=3246519317,63%
Marvel and DC Super Heroes,https://www.roblox.com/games/6132958612/Marvel-and-DC-Super-Heroes?gameSetTargetId&gameSetTypeId=1&isAd=false&nativeAdData=&numberOfLoadedTiles=238&page=sortDetailPageDiscover&placeId=6132958612&position=195&universeId=2236455574,64%
Rate My Avatar,https://www.roblox.com/games/6708206173/Rate-My-Avatar?gameSetTargetId&gameSetTypeId=1&isAd=false&nativeAdData=&numberOfLoadedTiles=238&page=sortDetailPageDiscover&placeId=6708206173&position=196&universeId=2533050278,83%
Cook Burgers,https://www.roblox.com/games/2971329387/Cook-Burgers?gameSetTargetId&gameSetTypeId=1&isAd=false&nativeAdData=&numberOfLoadedTiles=238&page=sortDetailPageDiscover&placeId=2971329387&position=197&universeId=1073273083,81%
Dream Island  RP,https://www.roblox.com/games/5656646615/Dream-Island-RP?gameSetTargetId&gameSetTypeId=1&isAd=false&nativeAdData=&numberOfLoadedTiles=238&page=sortDetailPageDiscover&placeId=5656646615&position=198&universeId=1989988569,70%
Bee Swarm Simulator,https://www.roblox.com/games/1537690962/Bee-Swarm-Simulator?gameSetTargetId&gameSetTypeId=1&isAd=false&nativeAdData=&numberOfLoadedTiles=238&page=sortDetailPageDiscover&placeId=1537690962&position=199&universeId=601130232,94%
فورت نايت العرب,https://www.roblox.com/games/6109967984/unnamed?gameSetTargetId&gameSetTypeId=1&isAd=false&nativeAdData=&numberOfLoadedTiles=238&page=sortDetailPageDiscover&placeId=6109967984&position=200&universeId=2223525999,66%
KAT,https://www.roblox.com/games/621129760/KAT?gameSetTargetId&gameSetTypeId=1&isAd=false&nativeAdData=&numberOfLoadedTiles=238&page=sortDetailPageDiscover&placeId=621129760&position=201&universeId=254394801,88%
Update 1  Project Slayers,https://www.roblox.com/games/5956785391/Update-1-Project-Slayers?gameSetTargetId&gameSetTypeId=1&isAd=false&nativeAdData=&numberOfLoadedTiles=238&page=sortDetailPageDiscover&placeId=5956785391&position=202&universeId=2142948266,90%
1v1 MM2  House 2,https://www.roblox.com/games/8514459881/1v1-MM2-House-2?gameSetTargetId&gameSetTypeId=1&isAd=false&nativeAdData=&numberOfLoadedTiles=238&page=sortDetailPageDiscover&placeId=8514459881&position=203&universeId=3250277181,59%
 Romeet Talk to Strangers,https://www.roblox.com/games/6062977619/Ro-meet-Talk-to-Strangers?gameSetTargetId&gameSetTypeId=1&isAd=false&nativeAdData=&numberOfLoadedTiles=238&page=sortDetailPageDiscover&placeId=6062977619&position=204&universeId=2198312957,81%
Donate Me  BACK,https://www.roblox.com/games/8587816379/Donate-Me-BACK?gameSetTargetId&gameSetTypeId=1&isAd=false&nativeAdData=&numberOfLoadedTiles=238&page=sortDetailPageDiscover&placeId=8587816379&position=205&universeId=3271806769,84%
The Presentation Experience,https://www.roblox.com/games/7772810845/The-Presentation-Experience?gameSetTargetId&gameSetTypeId=1&isAd=false&nativeAdData=&numberOfLoadedTiles=238&page=sortDetailPageDiscover&placeId=7772810845&position=206&universeId=3012965062,93%
ROBLOX NPCs are becoming smart,https://www.roblox.com/games/6813414321/ROBLOX-NPCs-are-becoming-smart?gameSetTargetId&gameSetTypeId=1&isAd=false&nativeAdData=&numberOfLoadedTiles=238&page=sortDetailPageDiscover&placeId=6813414321&position=207&universeId=2588044974,94%
starving artists DONATION GAME,https://www.roblox.com/games/8916037983/starving-artists-DONATION-GAME?gameSetTargetId&gameSetTypeId=1&isAd=false&nativeAdData=&numberOfLoadedTiles=238&page=sortDetailPageDiscover&placeId=8916037983&position=208&universeId=3367801828,89%
Impossible Glass Bridge Obby Squid Game,https://www.roblox.com/games/7952502098/Impossible-Glass-Bridge-Obby-Squid-Game?gameSetTargetId&gameSetTypeId=1&isAd=false&nativeAdData=&numberOfLoadedTiles=238&page=sortDetailPageDiscover&placeId=7952502098&position=209&universeId=3073934761,52%
Guess the drawing,https://www.roblox.com/games/3281073759/Guess-the-drawing?gameSetTargetId&gameSetTypeId=1&isAd=false&nativeAdData=&numberOfLoadedTiles=238&page=sortDetailPageDiscover&placeId=3281073759&position=210&universeId=1182609799,82%
Tower of Misery,https://www.roblox.com/games/4954752502/Tower-of-Misery?gameSetTargetId&gameSetTypeId=1&isAd=false&nativeAdData=&numberOfLoadedTiles=238&page=sortDetailPageDiscover&placeId=4954752502&position=211&universeId=1701623492,79%
The Mimic,https://www.roblox.com/games/6243699076/The-Mimic?gameSetTargetId&gameSetTypeId=1&isAd=false&nativeAdData=&numberOfLoadedTiles=238&page=sortDetailPageDiscover&placeId=6243699076&position=212&universeId=2294168059,90%
Ice Spice Obby,https://www.roblox.com/games/7486152371/Ice-Spice-Obby?gameSetTargetId&gameSetTypeId=1&isAd=false&nativeAdData=&numberOfLoadedTiles=238&page=sortDetailPageDiscover&placeId=7486152371&position=213&universeId=2914705446,55%
Forgotten Worlds,https://www.roblox.com/games/2968914904/Forgotten-Worlds?gameSetTargetId&gameSetTypeId=1&isAd=false&nativeAdData=&numberOfLoadedTiles=238&page=sortDetailPageDiscover&placeId=2968914904&position=214&universeId=1072353049,89%
Pilfering Pirates,https://www.roblox.com/games/6104994594/Pilfering-Pirates?gameSetTargetId&gameSetTypeId=1&isAd=false&nativeAdData=&numberOfLoadedTiles=238&page=sortDetailPageDiscover&placeId=6104994594&position=215&universeId=2220495353,84%
Speed Runner,https://www.roblox.com/games/6452292184/Speed-Runner?gameSetTargetId&gameSetTypeId=1&isAd=false&nativeAdData=&numberOfLoadedTiles=238&page=sortDetailPageDiscover&placeId=6452292184&position=216&universeId=2406494408,68%
Pop It Trading ,https://www.roblox.com/games/7346416636/Pop-It-Trading?gameSetTargetId&gameSetTypeId=1&isAd=false&nativeAdData=&numberOfLoadedTiles=238&page=sortDetailPageDiscover&placeId=7346416636&position=217&universeId=2865535599,78%
Princess Tycoon,https://www.roblox.com/games/3804735158/Princess-Tycoon?gameSetTargetId&gameSetTypeId=1&isAd=false&nativeAdData=&numberOfLoadedTiles=238&page=sortDetailPageDiscover&placeId=3804735158&position=218&universeId=1310079979,72%
Urban Spray Paint  GAS STATION,https://www.roblox.com/games/8732740030/Urban-Spray-Paint-GAS-STATION?gameSetTargetId&gameSetTypeId=1&isAd=false&nativeAdData=&numberOfLoadedTiles=238&page=sortDetailPageDiscover&placeId=8732740030&position=219&universeId=3316244143,76%
Vita Coco The Coconut Grove ,https://www.roblox.com/games/13069754677/Vita-Coco-The-Coconut-Grove?gameSetTargetId&gameSetTypeId=1&isAd=false&nativeAdData=&numberOfLoadedTiles=238&page=sortDetailPageDiscover&placeId=13069754677&position=220&universeId=4566521917,80%
The Dropper  120 LEVELS,https://www.roblox.com/games/166731267/The-Dropper-120-LEVELS?gameSetTargetId&gameSetTypeId=1&isAd=false&nativeAdData=&numberOfLoadedTiles=238&page=sortDetailPageDiscover&placeId=166731267&position=221&universeId=79609758,71%
Emergency Response Liberty County,https://www.roblox.com/games/2534724415/Emergency-Response-Liberty-County?gameSetTargetId&gameSetTypeId=1&isAd=false&nativeAdData=&numberOfLoadedTiles=238&page=sortDetailPageDiscover&placeId=2534724415&position=222&universeId=903807016,91%
Escape The Hospital Obby READ DESC,https://www.roblox.com/games/2028953950/Escape-The-Hospital-Obby-READ-DESC?gameSetTargetId&gameSetTypeId=1&isAd=false&nativeAdData=&numberOfLoadedTiles=238&page=sortDetailPageDiscover&placeId=2028953950&position=223&universeId=715696520,64%
Growing Up  ,https://www.roblox.com/games/1182833048/Growing-Up?gameSetTargetId&gameSetTypeId=1&isAd=false&nativeAdData=&numberOfLoadedTiles=238&page=sortDetailPageDiscover&placeId=1182833048&position=224&universeId=484789923,86%
Fashion Show,https://www.roblox.com/games/5245765823/Fashion-Show?gameSetTargetId&gameSetTypeId=1&isAd=false&nativeAdData=&numberOfLoadedTiles=238&page=sortDetailPageDiscover&placeId=5245765823&position=225&universeId=1836732339,80%
Two Player Obby 2,https://www.roblox.com/games/6492279150/Two-Player-Obby-2?gameSetTargetId&gameSetTypeId=1&isAd=false&nativeAdData=&numberOfLoadedTiles=238&page=sortDetailPageDiscover&placeId=6492279150&position=226&universeId=2428096399,68%
Alpine Slide to Telamon,https://www.roblox.com/games/5818771056/Alpine-Slide-to-Telamon?gameSetTargetId&gameSetTypeId=1&isAd=false&nativeAdData=&numberOfLoadedTiles=238&page=sortDetailPageDiscover&placeId=5818771056&position=227&universeId=2068230285,62%
Guess the Emoji,https://www.roblox.com/games/7967092071/Guess-the-Emoji?gameSetTargetId&gameSetTypeId=1&isAd=false&nativeAdData=&numberOfLoadedTiles=238&page=sortDetailPageDiscover&placeId=7967092071&position=228&universeId=3078273115,72%
Ninja Legends,https://www.roblox.com/games/3956818381/Ninja-Legends?gameSetTargetId&gameSetTypeId=1&isAd=false&nativeAdData=&numberOfLoadedTiles=238&page=sortDetailPageDiscover&placeId=3956818381&position=229&universeId=1335695570,92%
Blueberry  Clothing Store,https://www.roblox.com/games/11452349236/Blueberry-Clothing-Store?gameSetTargetId&gameSetTypeId=1&isAd=false&nativeAdData=&numberOfLoadedTiles=238&page=sortDetailPageDiscover&placeId=11452349236&position=230&universeId=4071683904,71%
ZO ぞ SAMURAI,https://www.roblox.com/games/6678877691/ZO-SAMURAI?gameSetTargetId&gameSetTypeId=1&isAd=false&nativeAdData=&numberOfLoadedTiles=238&page=sortDetailPageDiscover&placeId=6678877691&position=231&universeId=2516044547,83%
Club Iris,https://www.roblox.com/games/2228128339/Club-Iris?gameSetTargetId&gameSetTypeId=1&isAd=false&nativeAdData=&numberOfLoadedTiles=238&page=sortDetailPageDiscover&placeId=2228128339&position=232&universeId=776385559,72%
Survive and Kill the Killers in Area 51 ,https://www.roblox.com/games/155382109/Survive-and-Kill-the-Killers-in-Area-51?gameSetTargetId&gameSetTypeId=1&isAd=false&nativeAdData=&numberOfLoadedTiles=238&page=sortDetailPageDiscover&placeId=155382109&position=233&universeId=73754455,88%
cart ride around nothing,https://www.roblox.com/games/10660791703/cart-ride-around-nothing?gameSetTargetId&gameSetTypeId=1&isAd=false&nativeAdData=&numberOfLoadedTiles=238&page=sortDetailPageDiscover&placeId=10660791703&position=234&universeId=3864279452,76%
Squishmallows  CAFE UPDATE,https://www.roblox.com/games/7941853407/Squishmallows-CAFE-UPDATE?gameSetTargetId&gameSetTypeId=1&isAd=false&nativeAdData=&numberOfLoadedTiles=238&page=sortDetailPageDiscover&placeId=7941853407&position=235&universeId=3070724134,88%
 Water Park,https://www.roblox.com/games/2769293732/Water-Park?gameSetTargetId&gameSetTypeId=1&isAd=false&nativeAdData=&numberOfLoadedTiles=238&page=sortDetailPageDiscover&placeId=2769293732&position=236&universeId=1000639036,50%
SPLASH  Skate  Music,https://www.roblox.com/games/4936591712/SPLASH-Skate-Music?gameSetTargetId&gameSetTypeId=1&isAd=false&nativeAdData=&numberOfLoadedTiles=238&page=sortDetailPageDiscover&placeId=4936591712&position=237&universeId=1692631458,90%
